{"cameraMode":{"drawMode":0,"name":"Shaded","section":"Shading Mode"},"sceneLighting":false,"audioPlay":false,"sceneViewState":{"showFog":true,"showMaterialUpdate":false,"showSkybox":false,"showFlares":true,"showImageEffects":true,"showParticleSystems":true},"in2DMode":false,"pivot":{"x":-0.6296818852424622,"y":0.5062130689620972,"z":1.746523141860962},"rotation":{"x":0.342116117477417,"y":0.01636156067252159,"z":-0.005948590114712715,"w":0.9395389556884766},"size":1.6745269298553467,"orthographic":false}