{"cameraMode":{"drawMode":0,"name":"Shaded","section":"Shading Mode"},"sceneLighting":true,"audioPlay":false,"sceneViewState":{"showFog":true,"showMaterialUpdate":false,"showSkybox":true,"showFlares":true,"showImageEffects":true,"showParticleSystems":true},"in2DMode":false,"pivot":{"x":2.0832417011260988,"y":9.737141609191895,"z":-3.7296159267425539},"rotation":{"x":0.5416417717933655,"y":-0.4019739329814911,"z":0.3295627534389496,"w":0.6606983542442322},"size":10.246139526367188,"orthographic":false}