{"cameraMode":{"drawMode":0,"name":"Shaded","section":"Shading Mode"},"sceneLighting":false,"audioPlay":false,"sceneViewState":{"showFog":true,"showMaterialUpdate":false,"showSkybox":false,"showFlares":true,"showImageEffects":true,"showParticleSystems":true},"in2DMode":false,"pivot":{"x":-0.6400001049041748,"y":0.5649999380111694,"z":1.7940000295639039},"rotation":{"x":0.3209133744239807,"y":0.012230120599269867,"z":-0.004133257083594799,"w":0.9470623135566711},"size":1.6745269298553467,"orthographic":false}