{"cameraMode":{"drawMode":0,"name":"Shaded","section":"Shading Mode"},"sceneLighting":true,"audioPlay":false,"sceneViewState":{"showFog":true,"showMaterialUpdate":false,"showSkybox":true,"showFlares":true,"showImageEffects":true,"showParticleSystems":true},"in2DMode":false,"pivot":{"x":223.8755645751953,"y":356.85870361328127,"z":98.93502807617188},"rotation":{"x":0.12519502639770509,"y":0.054450977593660358,"z":-0.00687548378482461,"w":0.9906609058380127},"size":607.54638671875,"orthographic":false}